place,type,budget,activity,climate,value,image
Nuwara Eliya,"Nature,Scenic",Medium,Relaxation,Cool,"Known as Little England, this hill station is popular for weekend getaways, cool weather, and beautiful tea estates. It's a budget-friendly spot for locals looking to escape the heat of the lowlands.",images/nuwara_eliya.png
Ella,"Nature,Scenic",Low,Adventure,Cool,"Ella offers stunning views, hiking trails, and waterfalls like Ravana Falls and Ella Rock. It's a perfect destination for nature lovers and those looking for adventure, while staying within a local budget.",images/ella.png
Kandy,"Historical, Nature, Religious,Cultural",Medium,Relaxation,Cool,"The cultural capital of Sri Lanka, Kandy is home to the Temple of the Tooth Relic and the scenic Kandy Lake. Local tourists often visit for cultural events, religious reasons, and natural beauty.",images/kandy.png
Galle,"Historical, Coastal,Cultural",Medium,Relaxation,Hot,"A historical city with the Galle Fort, beaches like Unawatuna, and plenty of local heritage. It’s a combination of history, beaches, and shopping at reasonable prices for locals.",images/galle.png
Sigiriya,"Historical,Archaeological",Medium,Adventure,Hot,"Sigiriya, with its Lion's Rock, is an iconic cultural and historical site. While ticket prices may be higher, locals find value in the rich history and panoramic views.",images/sigiriya.png
Polonnaruwa,"Historical,Religious",Low,Relaxation,Hot,"As an ancient city and a UNESCO World Heritage site, Polonnaruwa offers insight into Sri Lanka’s history with its ruins and temples. It's a great spot for a day trip from nearby areas like Habarana.",images/polonnaruwa.png
Hikkaduwa,"Coastal,Marine",Medium,Adventure,Hot,"Known for its snorkeling and beautiful beaches, Hikkaduwa is a favorite weekend destination for locals seeking sun and sea at affordable prices.",images/hikkaduwa1.png
Mirissa,"Coastal,Marine",Low,Relaxation,Hot,"Popular with local tourists for its beach activities, whale watching, and relaxed vibe. It's a great weekend getaway, offering a range of accommodations from budget to mid-range.",images/mirissa.png
Bentota,Coastal,High,Relaxation,Hot,"Bentota offers water sports like jet skiing and windsurfing. It’s a good mix of relaxation and adventure, making it a popular destination for locals seeking a coastal retreat.",images/bentota.png
Anuradhapura,"Historical,Religious,Archaeological",Medium,Relaxation,Hot,"One of the most important historical and religious sites in Sri Lanka, Anuradhapura is a popular spot for locals interested in Buddhist history and culture. It's easily accessible and offers a deep cultural experience.",images/anuradhapura.png
Trincomalee,"Coastal, Historical",Medium,Relaxation,Hot,"Trincomalee offers beautiful beaches, such as Uppuveli and Nilaveli, alongside cultural and historical sites like Koneswaram Temple. It’s a great mix of relaxation and exploration for local tourists.",images/trincomalee.png
Dambulla,"Historical,Religious,Archaeological",Low,Relaxation,Hot,The Dambulla Cave Temple is an important cultural and religious landmark. Local tourists often visit for its historical significance and peaceful surroundings.,images/dambulla.png
Arugam Bay,Coastal,Low,Adventure,Hot,"Arugam Bay is one of the top surf spots in Sri Lanka, drawing locals who enjoy surfing and the laid-back atmosphere of the beach. It’s a great affordable option for adventurous travelers.",images/arugam_bay.png
Kithulgala ,Nature,Low,Adventure,Cool,"Known for white-water rafting on the Kelani River and eco-tourism experiences, Kithulgala is a favorite for adventure lovers. It’s easily accessible and offers an affordable and fun experience.",images/kithulgala.png
Horton Plains National Park,"Nature,Wildlife",Medium,Adventure,Cool,"Famous for the World’s End viewpoint, this park offers beautiful hiking trails, diverse wildlife, and cooler climates, making it a popular eco-tourism destination.",images/hortan_planes.png
Katharagama,"Historical,Religious",Low,Relaxation,Hot,"Kataragama is a significant religious site for both Buddhists and Hindus. The Kataragama Temple is a popular pilgrimage spot, especially for locals. It offers a serene and spiritual experience and is accessible for budget travelers.",images/katharagama.png
Udawalawe National Park,Wildlife,Medium,Adventure,Hot,"Popular for safari tours, Udawalawe is home to a large population of elephants and other wildlife. Local tourists visit for a nature experience and wildlife photography. It offers a more affordable alternative to Yala National Park.",images/udawalawe.png
Peradeniya ,Nature,Medium,Relaxation,Cool,"The Royal Botanical Gardens in Peradeniya, Kandy, are famous for their lush landscapes and diverse flora. It’s a favorite spot for locals looking for a peaceful day out, picnics, and a stroll among nature.",images/pera.png
Weligama,Coastal,Low,Relaxation,Hot,"Known for its surfing spots and relaxed atmosphere, Weligama is a popular beach destination for local tourists, especially for those who enjoy surfing, beach walks, and fresh seafood.",images/weligama.png
Sinharaja Forest Reserve,Nature,Medium,Adventure,Cool,"As a UNESCO World Heritage Site and one of the last remaining rainforests in Sri Lanka, Sinharaja is perfect for eco-tourism. Local tourists visit for trekking, bird watching, and exploring the unique biodiversity of the forest.",images/sinharaja.png
Kalpitiya,"Coastal,Marine",High,Relaxation,Hot,"Famous for luxury eco-resorts and whale watching tours, especially during the peak season for dolphins and whales.",images/kalpitiya.png
Tangalle,Coastal,High,Adventure,Hot,"This southern coastal town offers upscale boutique resorts, secluded beaches, and high-end dining options.",images/tangalle.png
Yala National Park,"Wildlife,Nature",Medium,Adventure,Hot,"A prime location for safari tours, Yala is famous for its wild elephants, leopards, and diverse wildlife, making it a must-visit for nature lovers.",images/yala.png
Adam's Peak,"Religious,Nature",Medium,Adventure,Cool,Adam's Peak is one of the most significant pilgrimage sites in Sri Lanka. The annual pilgrimage season from December to May draws thousands of devotees. It is also a popular trekking spot due to its stunning sunrise views.,images/adamspeak.png
Pinnawala Elephant Orphanage,"Nature,Wildlife",Low,Relaxation,Hot,Pinnawala plays a crucial role in elephant conservation and rehabilitation. It also serves as an educational center for visitors to learn about the treatment and preservation of Sri Lankaís national animal.,images/pinnawala.png
Jaffna,"Historical, Coastal,Cultural",Low,Relaxation,Hot,"Jaffna has historical significance as the center of Tamil culture and religion. It has also gained importance as a symbol of post-civil war recovery and a popular destination for those seeking cultural exploration. Jaffna is the capital of the Northern Province of Sri Lanka, known for its rich Tamil culture, historical landmarks, and beautiful coastline. The city offers a unique glimpse into the countryís Tamil heritage, with temples, markets, and a slower pace of life.",images/jaffna.png
Wilpattu National Park,Wildlife,Medium,Adventure,Hot,"Wilpattu is crucial for conservation efforts, especially for species like leopards and elephants. It is also less crowded than Yala, offering a more serene safari experience.",images/willpaththu.png
Minneriya National Park,Wildlife,Medium,Adventure,Hot,"Minneriya is a significant site for wildlife enthusiasts, especially those interested in observing the elephant gathering, a rare and spectacular event.",images/minneriya.png
Mannar Island,Coastal,Low,Relaxation,Hot,"Mannar Island is vital for birdwatching, especially for migratory species. It also holds historical value, with remnants of the ancient port of Mannar and links to Sri Lanka's colonial past.",images/mannar.png
Knuckles Mountain Range,Nature,Medium,Adventure,Cool,"The Knuckles range is critical for conservation, containing several endemic species of flora and fauna. It is also important for eco-tourism, providing a pristine environment for nature lovers. A UNESCO World Heritage site, the Knuckles Mountain Range is located in central Sri Lanka and features lush forests, waterfalls, and diverse ecosystems. The range offers hiking, birdwatching, and camping opportunities.",images/nuckles.png
Batticaloa,Historical,High,Relaxation,Hot,"Batticaloa is culturally significant, with a rich Tamil heritage, and is a prominent area for coastal tourism. It also has historical importance from the colonial period. Known for its lagoons, historical buildings, and vibrant Tamil culture. It offers beaches, and its popular tourist attractions include the Batticaloa Fort and the tranquil Kallady Bridge",images/batticalo.png
Negombo,Coastal,High,Relaxation,Hot,"Negombo is one of the most accessible tourist destinations from the airport, making it an important stop for travelers. It also plays a key role in Sri Lanka's fishing industry. has a blend of local and tourist culture, with lively markets and seafood restaurants.",images/negambo.png
Kumana National Park,"Wildlife,Nature",Medium,Adventure,Hot,"Kumana is an important bird sanctuary, drawing birdwatchers from around the world. It is also home to various other wildlife, including elephants and leopards. It is part of the larger Yala ecosystem and is a crucial site for conservation.",images/kumana.png
Madu River,Nature,Medium,Adventure,Hot,"Madu River is significant for its ecological importance, housing mangroves and providing a habitat for numerous species. It is a key location for eco-tourism and environmental preservation. It is famous for its biodiversity and the traditional boat tours that explore its maze of canals.",images/madu.png
Haputale,"Nature,Scenic",Medium,Relaxation,Cool,"Haputale is significant for its tea industry and its natural beauty, which attracts visitors looking for a peaceful escape in the cool climate of the hill country. Haputale is known for its cool climate, tea plantations, and stunning views of the surrounding mountains. The town offers a quiet retreat with scenic walks and viewpoints",images/haputhale.png
Pigeon Island National Park,"Coastal,Marine",Medium,Adventure,Hot,"Pigeon Island is crucial for marine conservation and biodiversity. It is one of the best spots for marine tourism in Sri Lanka. Located off the northeastern coast, Pigeon Island is a small island known for its coral reefs and marine life, including turtles and colorful fish. It is a popular destination for snorkeling and diving.",images/pigeons.png
Mannar,Coastal,Low,Relaxation,Hot,"Mannar has significant historical and cultural value, with remnants from both ancient civilizations and colonial eras. It also serves as a key point for birdwatching and eco-tourism. Mannar is a historically rich area in the northern part of the island, known for its ancient temples, fortifications, and salt pans. The region is home to a blend of Tamil and Muslim cultures.",images/mannar.png
Mulkirigala Rock Temple,"Religious, Historical",Low,Adventure,Hot,"Mulkirigala is a significant Buddhist site, providing insight into the country's ancient religious practices and art. It also holds historical value as a site of religious and cultural significance.  It features cave temples with Buddhist murals and statues, offering panoramic views of the surrounding area.",images/mulkirigala.png
Bundala National Park,"Wildlife,Nature",Medium,Adventure,Hot,"Bundala is an important bird sanctuary, part of Sri Lankaís wetland ecosystems. It plays a vital role in bird conservation and offers a peaceful alternative to the more crowded national parks. Situated on the southern coast, Bundala National Park is a wetland reserve known for its rich birdlife, including migratory species. The park also hosts elephants and crocodiles.",images/bundala.png
